Code,Country,Population
US,United States,321068000
NG,Nigeria,186988000
SE,Sweden,9845155
EG,Egypt,90369500
IE,Ireland,4635400
AU,Australia,23992700
UK,United Kingdom,65097000
WS,Samoa,187820
AF,Afghanistan,27101365
CA,Canada,35985751
DE,Germany,81459000
AR,Argentina,43590400
CN,China,1357000000
NI,Nicaragua,6198154
BR,Brazil,200400000
NZ,New Zealand,4659070